dataset_id,layer,path,format,scope,status,unit,record_count,contains_row_level_entities,release_class,description
territorial-authorities,source_registry,data/source_registry/territorial_authorities.csv,csv,national,current,territorial_authority,106,false,internal_research,National territorial-authority baseline used for White List source discovery.
verified-primary-pages,source_registry,data/source_registry/verified_primary_pages.csv,csv,national,in_progress,verified_primary_page,34,false,internal_research,Independently verified primary White List landing pages.
source-series-inventory,source_registry,data/source_registry/source_series_inventory.csv,csv,national,in_progress,source_series,28,false,internal_research,Qualified recurring White List publication series and publication models.
pilot-source-profiles,source_registry,data/source_registry/pilot_source_profiles.csv,csv,pilot_authorities,in_progress,source_profile,,false,internal_research,Observed field structures and source-model divergences for pilot Prefectures.
cosenza-historical-editions,source_registry,data/source_registry/cosenza_historical_editions.csv,csv,Cosenza,in_progress,source_edition,11,false,internal_research,Dated Cosenza White List editions identified for longitudinal recovery.
cosenza-combined-2026-06-28,capture_manifest,data/captures/cosenza/combined_2026-06-28.json,json,Cosenza_2026-06-28,captured,source_capture,1,false,internal_audit,Immutable capture manifest for the combined Cosenza White List edition dated 28 June 2026.
cosenza-combined-2026-08-03,capture_manifest,data/captures/cosenza/combined_2026-08-03.json,json,Cosenza_2026-08-03,captured,source_capture,1,false,internal_audit,Immutable capture manifest for the combined Cosenza White List edition dated 3 August 2026.
cosenza-diff-2026-06-28-2026-08-03,aggregate_diagnostic,data/captures/cosenza/diff_2026-06-28_2026-08-03.json,json,Cosenza_2026-06-28_to_2026-08-03,validated,edition_comparison,1,false,internal_audit,Aggregate mention and source-status diagnostics; no row-level company or personal data.
cosenza-parsed-observations-2026-06-28-2026-08-03,parsed_observation_profile,data/captures/cosenza/parsed_profile_2026-06-28_2026-08-03.json,json,Cosenza_2026-06-28_to_2026-08-03,validated_internal,parsed_source_mention,2657,true,internal_db,Metadata profile for 2657 validated row-level source mentions; rows are reproducibly persisted to PostgreSQL but are not committed as a public release and no durable hosted database is available yet.
